id,name,model_id:id,group_id:id,perm_read,perm_write,perm_create,perm_unlink
access_construction_task_incident_user,construction.task.incident.user,model_construction_task_incident,project.group_project_user,1,1,1,0
access_construction_task_incident_manager,construction.task.incident.manager,model_construction_task_incident,project.group_project_manager,1,1,1,1
access_construction_dwg_files_user,construction.dwg.files.user,model_construction_dwg_files,project.group_project_user,1,1,1,0
access_construction_dwg_files_manager,construction.dwg.files.manager,model_construction_dwg_files,project.group_project_manager,1,1,1,1
access_construction_dwg_metadata_user,construction.dwg.metadata.user,model_construction_dwg_metadata,project.group_project_user,1,0,0,0
access_construction_dwg_metadata_manager,construction.dwg.metadata.manager,model_construction_dwg_metadata,project.group_project_manager,1,1,1,1
access_construction_dwg_layer_user,construction.dwg.layer.user,model_construction_dwg_layer,project.group_project_user,1,1,0,0
access_construction_dwg_layer_manager,construction.dwg.layer.manager,model_construction_dwg_layer,project.group_project_manager,1,1,1,1
access_construction_dwg_block_user,construction.dwg.block.user,model_construction_dwg_block,project.group_project_user,1,0,0,0
access_construction_dwg_block_manager,construction.dwg.block.manager,model_construction_dwg_block,project.group_project_manager,1,1,1,1
access_construction_dwg_entity_user,construction.dwg.entity.user,model_construction_dwg_entity,project.group_project_user,1,0,0,0
access_construction_dwg_entity_manager,construction.dwg.entity.manager,model_construction_dwg_entity,project.group_project_manager,1,1,1,1
access_construction_dwg_annotation_user,construction.dwg.annotation.user,model_construction_dwg_annotation,project.group_project_user,1,0,0,0
access_construction_dwg_annotation_manager,construction.dwg.annotation.manager,model_construction_dwg_annotation,project.group_project_manager,1,1,1,1
access_construction_dwg_coordinate_system_user,construction.dwg.coordinate.system.user,model_construction_dwg_coordinate_system,project.group_project_user,1,0,0,0
access_construction_dwg_coordinate_system_manager,construction.dwg.coordinate.system.manager,model_construction_dwg_coordinate_system,project.group_project_manager,1,1,1,1
access_construction_wall_user,construction.wall.user,model_construction_wall,project.group_project_user,1,1,0,0
access_construction_wall_manager,construction.wall.manager,model_construction_wall,project.group_project_manager,1,1,1,1
access_construction_plan_type_user,construction.plan.type.user,model_construction_plan_type,project.group_project_user,1,1,1,1
access_construction_plan_type_manager,construction.plan.type.manager,model_construction_plan_type,project.group_project_manager,1,1,1,1
access_construction_plan_level_user,construction.plan.level.user,model_construction_plan_level,project.group_project_user,1,1,1,1
access_construction_plan_level_manager,construction.plan.level.manager,model_construction_plan_level,project.group_project_manager,1,1,1,1
access_construction_plan_view_user,construction.plan.view.user,model_construction_plan_view,project.group_project_user,1,1,1,1
access_construction_plan_view_manager,construction.plan.view.manager,model_construction_plan_view,project.group_project_manager,1,1,1,1
access_construction_element_user,construction.element.user,model_construction_element,project.group_project_user,1,1,1,0
access_construction_element_manager,construction.element.manager,model_construction_element,project.group_project_manager,1,1,1,1
access_construction_element_type_user,construction.element.type.user,model_construction_element_type,project.group_project_user,1,0,0,0
access_construction_element_type_manager,construction.element.type.manager,model_construction_element_type,project.group_project_manager,1,1,1,1
access_construction_phase_template_user,construction.phase.template.user,model_construction_phase_template,project.group_project_user,1,0,0,0
access_construction_phase_template_manager,construction.phase.template.manager,model_construction_phase_template,project.group_project_manager,1,1,1,1
access_construction_phase_template_line_user,construction.phase.template.line.user,model_construction_phase_template_line,project.group_project_user,1,0,0,0
access_construction_phase_template_line_manager,construction.phase.template.line.manager,model_construction_phase_template_line,project.group_project_manager,1,1,1,1
access_construction_analysis_user,construction.analysis.user,model_construction_analysis,project.group_project_user,1,1,1,0
access_construction_analysis_manager,construction.analysis.manager,model_construction_analysis,project.group_project_manager,1,1,1,1
access_construction_element_draft_user,construction.element.draft.user,model_construction_element_draft,project.group_project_user,1,1,0,0
access_construction_element_draft_manager,construction.element.draft.manager,model_construction_element_draft,project.group_project_manager,1,1,1,1
access_construction_facade_user,construction.facade.user,model_construction_facade,project.group_project_user,1,1,1,0
access_construction_facade_manager,construction.facade.manager,model_construction_facade,project.group_project_manager,1,1,1,1
access_construction_facade_level_user,construction.facade.level.user,model_construction_facade_level,project.group_project_user,1,1,1,0
access_construction_facade_level_manager,construction.facade.level.manager,model_construction_facade_level,project.group_project_manager,1,1,1,1
access_construction_facade_opening_user,construction.facade.opening.user,model_construction_facade_opening,project.group_project_user,1,1,1,0
access_construction_facade_opening_manager,construction.facade.opening.manager,model_construction_facade_opening,project.group_project_manager,1,1,1,1
access_construction_facade_feature_user,construction.facade.feature.user,model_construction_facade_feature,project.group_project_user,1,1,1,0
access_construction_facade_feature_manager,construction.facade.feature.manager,model_construction_facade_feature,project.group_project_manager,1,1,1,1
access_construction_facade_dimension_user,construction.facade.dimension.user,model_construction_facade_dimension,project.group_project_user,1,1,1,0
access_construction_facade_dimension_manager,construction.facade.dimension.manager,model_construction_facade_dimension,project.group_project_manager,1,1,1,1
access_construction_facade_annotation_user,construction.facade.annotation.user,model_construction_facade_annotation,project.group_project_user,1,1,1,0
access_construction_facade_annotation_manager,construction.facade.annotation.manager,model_construction_facade_annotation,project.group_project_manager,1,1,1,1
access_construction_element_type_field_user,construction.element.type.field.user,model_construction_element_type_field,project.group_project_user,1,0,0,0
access_construction_element_type_field_manager,construction.element.type.field.manager,model_construction_element_type_field,project.group_project_manager,1,1,1,1
access_construction_element_value_user,construction.element.value.user,model_construction_element_value,project.group_project_user,1,1,1,0
access_construction_element_value_manager,construction.element.value.manager,model_construction_element_value,project.group_project_manager,1,1,1,1
access_construction_opening_user,construction.opening.user,model_construction_opening,project.group_project_user,1,1,0,0
access_construction_opening_manager,construction.opening.manager,model_construction_opening,project.group_project_manager,1,1,1,1
